customer_id,region,recency_days,frequency,monetary_value,Segment
CUST0859,West,240,37,111241.02,At Risk - High Value
CUST0947,Central,242,41,97770.16,At Risk - High Value
CUST0654,Central,166,34,96266.36,At Risk - High Value
CUST0879,Central,253,27,89153.9,At Risk - High Value
CUST0345,East,216,25,86183.21,At Risk - High Value
CUST0595,East,210,35,79999.19,At Risk - High Value
CUST0842,East,234,40,69592.22,At Risk - High Value
CUST0057,East,293,41,68413.25,At Risk - High Value
CUST0507,East,352,47,65787.24,At Risk - High Value
CUST0297,Central,252,34,65734.52,At Risk - High Value
CUST0287,West,220,25,65487.26,At Risk - High Value
CUST0313,East,153,25,59426.72,At Risk - High Value
CUST0424,West,336,42,59377.24,At Risk - High Value
CUST0536,South,232,41,59119.03,At Risk - High Value
CUST0407,West,209,38,58926.2,At Risk - High Value
CUST0986,West,337,33,56589.87,At Risk - High Value
CUST0391,East,310,45,56053.79,At Risk - High Value
CUST0166,North,216,26,49880.25,At Risk - High Value
CUST0012,West,207,24,49148.8,At Risk - High Value
CUST0930,West,254,30,48817.03,At Risk - High Value
CUST0875,South,320,43,47807.27,At Risk - High Value
CUST0359,North,285,46,47761.04,At Risk - High Value
CUST0245,Central,166,13,46611.21,At Risk - High Value
CUST0559,East,336,35,45630.99,At Risk - High Value
CUST0675,West,304,46,45612.5,At Risk - High Value
CUST0652,Central,290,34,45374.72,At Risk - High Value
CUST0459,South,168,19,44878.09,At Risk - High Value
CUST0725,Central,156,35,41769.18,At Risk - High Value
CUST0707,South,300,42,41287.26,At Risk - High Value
CUST0928,North,148,36,41282.82,At Risk - High Value
CUST0523,North,364,39,41010.53,At Risk - High Value
CUST0988,South,286,32,40636.86,At Risk - High Value
CUST0787,South,281,24,40355.69,At Risk - High Value
CUST0938,Central,212,30,40237.54,At Risk - High Value
CUST0967,West,249,22,40209.1,At Risk - High Value
CUST0438,South,243,45,39869.81,At Risk - High Value
CUST0960,Central,193,17,39664.54,At Risk - High Value
CUST0610,South,167,16,39594.69,At Risk - High Value
CUST0386,East,364,41,39497.66,At Risk - High Value
CUST0616,East,304,35,38715.98,At Risk - High Value
CUST0510,West,287,41,38673.29,At Risk - High Value
CUST0532,West,327,37,37830.03,At Risk - High Value
CUST0627,Central,221,42,37726.36,At Risk - High Value
CUST0433,North,310,35,37284.18,At Risk - High Value
CUST0302,Central,184,18,35580.07,At Risk - High Value
CUST0574,West,274,36,35195.92,At Risk - High Value
CUST0410,North,336,46,34990.88,At Risk - High Value
CUST0003,South,221,36,34682.55,At Risk - High Value
CUST0155,West,271,36,33856.57,At Risk - High Value
CUST0802,West,332,40,33437.65,At Risk - High Value
CUST0537,North,257,37,32964.68,At Risk - High Value
CUST0051,North,358,48,32852.37,At Risk - High Value
CUST0152,East,362,34,32572.06,At Risk - High Value
CUST0073,West,328,49,32419.98,At Risk - High Value
CUST0596,South,214,42,31333.06,At Risk - High Value
CUST0428,East,269,37,31167.77,At Risk - High Value
CUST0065,South,156,33,30759.2,At Risk - High Value
CUST0061,Central,247,32,30626.95,At Risk - High Value
CUST0809,North,256,33,30325.67,At Risk - High Value
CUST0454,East,354,49,30222.51,At Risk - High Value
CUST0227,East,285,33,29818.38,At Risk - High Value
CUST0730,North,181,39,29335.86,At Risk - High Value
CUST0714,West,347,48,29294.32,At Risk - High Value
CUST0989,East,184,26,29175.82,At Risk - High Value
CUST0905,North,191,22,29163.45,At Risk - High Value
CUST0044,North,206,36,28657.71,At Risk - High Value
CUST0798,West,266,39,28043.64,At Risk - High Value
CUST0491,Central,215,36,27976.62,At Risk - High Value
CUST0501,Central,354,48,27923.69,At Risk - High Value
CUST0811,West,269,30,27645.57,At Risk - High Value
CUST0557,East,175,47,27518.19,At Risk - High Value
CUST0772,East,230,36,27101.95,At Risk - High Value
CUST0106,North,166,35,27024.07,At Risk - High Value
CUST0216,South,177,49,26675.8,At Risk - High Value
CUST0263,East,210,47,25756.76,At Risk - High Value
CUST0993,East,247,44,25697.5,At Risk - High Value
CUST0545,South,256,38,25485.37,At Risk - High Value
CUST0011,West,323,48,25452.28,At Risk - High Value
CUST0706,East,146,35,25241.79,At Risk - High Value
CUST0270,North,148,38,25223.36,At Risk - High Value
CUST0747,North,148,30,24825.07,At Risk - High Value
CUST0274,Central,329,48,24590.27,At Risk - High Value
CUST0851,North,260,40,24481.53,At Risk - High Value
CUST0173,Central,205,42,24466.6,At Risk - High Value
CUST0912,East,280,31,24431.81,At Risk - High Value
CUST0001,West,141,48,24428.4,At Risk - High Value
CUST0261,Central,279,37,24182.64,At Risk - High Value
CUST0162,South,157,45,23883.74,At Risk - High Value
CUST0104,South,321,48,23842.51,At Risk - High Value
CUST0282,North,198,43,23721.24,At Risk - High Value
CUST0931,West,250,40,23672.25,At Risk - High Value
CUST0476,South,207,23,23621.32,At Risk - High Value
CUST0469,North,265,47,23316.07,At Risk - High Value
CUST0496,North,269,37,23232.69,At Risk - High Value
CUST0098,East,160,47,23167.89,At Risk - High Value
CUST0872,North,269,36,23034.73,At Risk - High Value
CUST0623,East,176,32,22851.23,At Risk - High Value
CUST0499,West,248,45,22544.44,At Risk - High Value
CUST0896,South,364,47,22497.85,At Risk - High Value
CUST0225,South,155,28,22482.93,At Risk - High Value
CUST0634,East,184,27,22452.72,At Risk - High Value
CUST0681,East,331,43,22390.04,At Risk - High Value
CUST0640,East,264,46,21688.58,At Risk - High Value
CUST0976,South,200,37,21417.81,At Risk - High Value
CUST0805,East,207,27,21152.19,At Risk - High Value
CUST0486,Central,279,30,20530.69,At Risk - High Value
CUST0450,Central,240,39,20502.43,At Risk - High Value
CUST0922,South,201,34,19753.3,At Risk - High Value
CUST0197,Central,257,48,19663.77,At Risk - High Value
CUST0876,North,207,47,19570.32,At Risk - High Value
CUST0913,Central,327,46,19486.25,At Risk - High Value
CUST0138,West,207,33,18117.83,At Risk - High Value
CUST0223,East,174,36,16225.14,At Risk - High Value
CUST0556,West,197,39,16140.13,At Risk - High Value
CUST0131,West,178,40,16052.48,At Risk - High Value
CUST0522,West,152,38,15596.73,At Risk - High Value
CUST0603,Central,175,39,15511.38,At Risk - High Value
CUST0614,North,180,34,15358.82,At Risk - High Value
CUST0076,South,157,40,15285.3,At Risk - High Value
CUST0040,Central,157,46,14955.94,At Risk - High Value
CUST0380,Central,227,47,14879.34,At Risk - High Value
CUST0723,West,223,44,14687.1,At Risk - High Value
CUST0919,South,203,38,14233.43,At Risk - High Value
CUST0731,South,234,45,14084.25,At Risk - High Value
CUST0079,West,286,44,13743.64,At Risk - High Value
CUST0579,Central,285,43,13567.61,At Risk - High Value
CUST0095,South,163,40,13377.15,At Risk - High Value
CUST0641,West,280,42,13219.42,At Risk - High Value
CUST0629,East,169,37,12183.95,At Risk - High Value
CUST0018,East,202,44,11906.01,At Risk - High Value
CUST0883,Central,210,36,11547.76,At Risk - High Value
CUST0509,South,261,47,11196.53,At Risk - High Value
CUST0924,South,283,42,11135.5,At Risk - High Value
CUST0817,West,146,32,10403.84,At Risk - High Value
CUST0885,West,188,44,10382.42,At Risk - High Value
CUST0955,South,198,43,9793.69,At Risk - High Value
CUST0219,West,184,41,8886.84,At Risk - High Value
CUST0742,West,174,39,7988.65,At Risk - High Value
CUST0143,West,185,40,6990.87,At Risk - High Value
CUST0448,West,214,46,5797.68,At Risk - High Value
CUST0520,South,197,49,5663.04,At Risk - High Value
CUST0893,Central,148,47,4757.06,At Risk - High Value
CUST0430,South,336,36,2823.2,Cannot Lose Them
CUST0615,South,297,34,2496.47,Cannot Lose Them
CUST0758,North,315,32,2453.43,Cannot Lose Them
CUST0445,West,337,39,2347.42,Cannot Lose Them
CUST0103,South,358,39,1895.89,Cannot Lose Them
CUST0475,West,337,35,1862.71,Cannot Lose Them
CUST0337,East,343,35,1834.15,Cannot Lose Them
